{"cameraMode":{"drawMode":0,"name":"Shaded","section":"Shading Mode"},"sceneLighting":false,"audioPlay":false,"sceneViewState":{"showFog":true,"showMaterialUpdate":false,"showSkybox":false,"showFlares":true,"showImageEffects":true,"showParticleSystems":true},"in2DMode":false,"pivot":{"x":2.660886764526367,"y":0.578515887260437,"z":-3.432997703552246},"rotation":{"x":-0.1272290199995041,"y":0.2621057629585266,"z":-0.03488119691610336,"w":-0.9559814929962158},"size":0.8660253882408142,"orthographic":false}