{"cameraMode":{"drawMode":0,"name":"Shaded","section":"Shading Mode"},"sceneLighting":true,"audioPlay":false,"sceneViewState":{"showFog":true,"showMaterialUpdate":false,"showSkybox":true,"showFlares":true,"showImageEffects":true,"showParticleSystems":true},"in2DMode":false,"pivot":{"x":0.5126268863677979,"y":1.1786584854125977,"z":0.6665980815887451},"rotation":{"x":0.16139574348926545,"y":-0.5296230912208557,"z":0.10344959795475006,"w":0.8262855410575867},"size":1.1566956043243409,"orthographic":false}